geoid_long,census_tract,time_of_year,socioeconomic_group,census_county,census_city,avg_event_rh_max_perc,avg_event_rh_min_perc,tmax,tmin,hist_avg_annual_events,hist_avg_duration
1400000US06037541100,6037541100,Total,"2006 HW","Los Angeles County",Compton,85.65,43.03,94.00,72.38,0.00,0.00
1400000US06037541100,6037541100,Total,Vulnerable,"Los Angeles County",Compton,84.21,37.43,90.32,67.58,2.67,5.26
1400000US06037541100,6037541100,AM,General,"Los Angeles County",Compton,86.97,47.51,80.58,61.72,0.30,3.67
1400000US06037541100,6037541100,JJA,General,"Los Angeles County",Compton,80.88,33.38,91.22,70.63,0.13,4.25
1400000US06037541100,6037541100,SO,General,"Los Angeles County",Compton,81.14,34.00,93.98,70.81,0.23,4.86
1400000US06037541200,6037541200,SO,General,"Los Angeles County",Compton,81.14,34.00,93.98,70.81,0.23,4.86
1400000US06037541200,6037541200,JJA,General,"Los Angeles County",Compton,80.88,33.38,91.22,70.63,0.13,4.25
1400000US06037541200,6037541200,AM,General,"Los Angeles County",Compton,86.97,47.51,80.58,61.72,0.30,3.67
1400000US06037541200,6037541200,Total,Vulnerable,"Los Angeles County",Compton,84.21,37.43,90.32,67.58,2.67,5.26
1400000US06037541200,6037541200,Total,"2006 HW","Los Angeles County",Compton,85.65,43.03,94.00,72.38,0.00,0.00
1400000US06037541300,6037541300,Total,"2006 HW","Los Angeles County",Compton,85.65,43.03,94.00,72.38,0.00,0.00
1400000US06037541300,6037541300,Total,Vulnerable,"Los Angeles County",Compton,84.21,37.43,90.32,67.58,2.67,5.26
1400000US06037541300,6037541300,AM,General,"Los Angeles County",Compton,86.97,47.51,80.58,61.72,0.30,3.67
1400000US06037541300,6037541300,JJA,General,"Los Angeles County",Compton,80.88,33.38,91.22,70.63,0.13,4.25
1400000US06037541300,6037541300,SO,General,"Los Angeles County",Compton,81.14,34.00,93.98,70.81,0.23,4.86
1400000US06037541400,6037541400,SO,General,"Los Angeles County",Compton,81.14,34.00,93.98,70.81,0.23,4.86
1400000US06037541400,6037541400,JJA,General,"Los Angeles County",Compton,80.88,33.38,91.22,70.63,0.13,4.25
1400000US06037541400,6037541400,AM,General,"Los Angeles County",Compton,86.97,47.51,80.58,61.72,0.30,3.67
1400000US06037541400,6037541400,Total,Vulnerable,"Los Angeles County",Compton,84.21,37.43,90.32,67.58,2.67,5.26
1400000US06037541400,6037541400,Total,"2006 HW","Los Angeles County",Compton,85.65,43.03,94.00,72.38,0.00,0.00
1400000US06037541500,6037541500,Total,"2006 HW","Los Angeles County",Compton,85.65,43.03,94.00,72.38,0.00,0.00
1400000US06037541500,6037541500,Total,Vulnerable,"Los Angeles County",Compton,84.21,37.43,90.32,67.58,2.67,5.26
1400000US06037541500,6037541500,AM,General,"Los Angeles County",Compton,86.97,47.51,80.58,61.72,0.30,3.67
1400000US06037541500,6037541500,JJA,General,"Los Angeles County",Compton,80.88,33.38,91.22,70.63,0.13,4.25
1400000US06037541500,6037541500,SO,General,"Los Angeles County",Compton,81.14,34.00,93.98,70.81,0.23,4.86
1400000US06037541603,6037541603,SO,General,"Los Angeles County",Compton,81.14,34.00,93.98,70.81,0.23,4.86
1400000US06037541603,6037541603,JJA,General,"Los Angeles County",Compton,80.88,33.38,91.22,70.63,0.13,4.25
1400000US06037541603,6037541603,AM,General,"Los Angeles County",Compton,86.97,47.51,80.58,61.72,0.30,3.67
1400000US06037541603,6037541603,Total,Vulnerable,"Los Angeles County",Compton,84.21,37.43,90.32,67.58,2.67,5.26
1400000US06037541603,6037541603,Total,"2006 HW","Los Angeles County",Compton,85.65,43.03,94.00,72.38,0.00,0.00
1400000US06037541604,6037541604,Total,"2006 HW","Los Angeles County",Compton,85.65,43.03,94.00,72.38,0.00,0.00
1400000US06037541604,6037541604,Total,Vulnerable,"Los Angeles County",Compton,84.21,37.43,90.32,67.58,2.67,5.26
1400000US06037541604,6037541604,AM,General,"Los Angeles County",Compton,86.97,47.51,80.58,61.72,0.30,3.67
1400000US06037541604,6037541604,JJA,General,"Los Angeles County",Compton,80.88,33.38,91.22,70.63,0.13,4.25
1400000US06037541604,6037541604,SO,General,"Los Angeles County",Compton,81.14,34.00,93.98,70.81,0.23,4.86
1400000US06037541605,6037541605,SO,General,"Los Angeles County",Compton,81.14,34.00,93.98,70.81,0.23,4.86
1400000US06037541605,6037541605,JJA,General,"Los Angeles County",Compton,80.88,33.38,91.22,70.63,0.13,4.25
1400000US06037541605,6037541605,AM,General,"Los Angeles County",Compton,86.97,47.51,80.58,61.72,0.30,3.67
1400000US06037541605,6037541605,Total,Vulnerable,"Los Angeles County",Compton,84.21,37.43,90.32,67.58,2.67,5.26
1400000US06037541605,6037541605,Total,"2006 HW","Los Angeles County",Compton,85.65,43.03,94.00,72.38,0.00,0.00
1400000US06037541606,6037541606,Total,"2006 HW","Los Angeles County",Compton,85.65,43.03,94.00,72.38,0.00,0.00
1400000US06037541606,6037541606,Total,Vulnerable,"Los Angeles County",Compton,84.21,37.43,90.32,67.58,2.67,5.26
1400000US06037541606,6037541606,AM,General,"Los Angeles County",Compton,86.97,47.51,80.58,61.72,0.30,3.67
1400000US06037541606,6037541606,JJA,General,"Los Angeles County",Compton,80.88,33.38,91.22,70.63,0.13,4.25
1400000US06037541606,6037541606,SO,General,"Los Angeles County",Compton,81.14,34.00,93.98,70.81,0.23,4.86
1400000US06037542000,6037542000,SO,General,"Los Angeles County",Compton,81.14,34.00,93.98,70.81,0.23,4.86
1400000US06037542000,6037542000,JJA,General,"Los Angeles County",Compton,80.88,33.38,91.22,70.63,0.13,4.25
1400000US06037542000,6037542000,AM,General,"Los Angeles County",Compton,86.97,47.51,80.58,61.72,0.30,3.67
1400000US06037542000,6037542000,Total,Vulnerable,"Los Angeles County",Compton,84.21,37.43,90.32,67.58,2.67,5.26
1400000US06037542000,6037542000,Total,"2006 HW","Los Angeles County",Compton,85.65,43.03,94.00,72.38,0.00,0.00
1400000US06037542103,6037542103,Total,"2006 HW","Los Angeles County",Compton,85.65,43.03,94.00,72.38,0.00,0.00
1400000US06037542103,6037542103,Total,Vulnerable,"Los Angeles County",Compton,84.21,37.43,90.32,67.58,2.67,5.26
1400000US06037542103,6037542103,AM,General,"Los Angeles County",Compton,86.97,47.51,80.58,61.72,0.30,3.67
1400000US06037542103,6037542103,JJA,General,"Los Angeles County",Compton,80.88,33.38,91.22,70.63,0.13,4.25
1400000US06037542103,6037542103,SO,General,"Los Angeles County",Compton,81.14,34.00,93.98,70.81,0.23,4.86
1400000US06037542104,6037542104,SO,General,"Los Angeles County",Compton,81.14,34.00,93.98,70.81,0.23,4.86
1400000US06037542104,6037542104,JJA,General,"Los Angeles County",Compton,80.88,33.38,91.22,70.63,0.13,4.25
1400000US06037542104,6037542104,AM,General,"Los Angeles County",Compton,86.97,47.51,80.58,61.72,0.30,3.67
1400000US06037542104,6037542104,Total,Vulnerable,"Los Angeles County",Compton,84.21,37.43,90.32,67.58,2.67,5.26
1400000US06037542104,6037542104,Total,"2006 HW","Los Angeles County",Compton,85.65,43.03,94.00,72.38,0.00,0.00
1400000US06037542105,6037542105,Total,"2006 HW","Los Angeles County",Compton,85.65,43.03,94.00,72.38,0.00,0.00
1400000US06037542105,6037542105,Total,Vulnerable,"Los Angeles County",Compton,84.21,37.43,90.32,67.58,2.67,5.26
1400000US06037542105,6037542105,AM,General,"Los Angeles County",Compton,86.97,47.51,80.58,61.72,0.30,3.67
1400000US06037542105,6037542105,JJA,General,"Los Angeles County",Compton,80.88,33.38,91.22,70.63,0.13,4.25
1400000US06037542105,6037542105,SO,General,"Los Angeles County",Compton,81.14,34.00,93.98,70.81,0.23,4.86
1400000US06037542106,6037542106,SO,General,"Los Angeles County",Compton,81.14,34.00,93.98,70.81,0.23,4.86
1400000US06037542106,6037542106,JJA,General,"Los Angeles County",Compton,80.88,33.38,91.22,70.63,0.13,4.25
1400000US06037542106,6037542106,AM,General,"Los Angeles County",Compton,86.97,47.51,80.58,61.72,0.30,3.67
1400000US06037542106,6037542106,Total,Vulnerable,"Los Angeles County",Compton,84.21,37.43,90.32,67.58,2.67,5.26
1400000US06037542106,6037542106,Total,"2006 HW","Los Angeles County",Compton,85.65,43.03,94.00,72.38,0.00,0.00
1400000US06037542200,6037542200,SO,General,"Los Angeles County",Compton,81.14,34.00,93.98,70.81,0.23,4.86
1400000US06037542200,6037542200,JJA,General,"Los Angeles County",Compton,80.88,33.38,91.22,70.63,0.13,4.25
1400000US06037542200,6037542200,AM,General,"Los Angeles County",Compton,86.97,47.51,80.58,61.72,0.30,3.67
1400000US06037542200,6037542200,Total,Vulnerable,"Los Angeles County",Compton,84.21,37.43,90.32,67.58,2.67,5.26
1400000US06037542200,6037542200,Total,"2006 HW","Los Angeles County",Compton,85.65,43.03,94.00,72.38,0.00,0.00
1400000US06037542401,6037542401,Total,"2006 HW","Los Angeles County",Compton,85.65,43.03,94.00,72.38,0.00,0.00
1400000US06037542401,6037542401,Total,Vulnerable,"Los Angeles County",Compton,84.21,37.43,90.32,67.58,2.67,5.26
1400000US06037542401,6037542401,AM,General,"Los Angeles County",Compton,86.97,47.51,80.58,61.72,0.30,3.67
1400000US06037542401,6037542401,JJA,General,"Los Angeles County",Compton,80.88,33.38,91.22,70.63,0.13,4.25
1400000US06037542401,6037542401,SO,General,"Los Angeles County",Compton,81.14,34.00,93.98,70.81,0.23,4.86
1400000US06037542402,6037542402,SO,General,"Los Angeles County",Compton,81.14,34.00,93.98,70.81,0.23,4.86
1400000US06037542402,6037542402,JJA,General,"Los Angeles County",Compton,80.88,33.38,91.22,70.63,0.13,4.25
1400000US06037542402,6037542402,AM,General,"Los Angeles County",Compton,86.97,47.51,80.58,61.72,0.30,3.67
1400000US06037542402,6037542402,Total,Vulnerable,"Los Angeles County",Compton,84.21,37.43,90.32,67.58,2.67,5.26
1400000US06037542402,6037542402,Total,"2006 HW","Los Angeles County",Compton,85.65,43.03,94.00,72.38,0.00,0.00
1400000US06037542501,6037542501,Total,"2006 HW","Los Angeles County",Compton,85.65,43.03,94.00,72.38,0.00,0.00
1400000US06037542501,6037542501,Total,Vulnerable,"Los Angeles County",Compton,84.21,37.43,90.32,67.58,2.67,5.26
1400000US06037542501,6037542501,AM,General,"Los Angeles County",Compton,86.97,47.51,80.58,61.72,0.30,3.67
1400000US06037542501,6037542501,JJA,General,"Los Angeles County",Compton,80.88,33.38,91.22,70.63,0.13,4.25
1400000US06037542501,6037542501,SO,General,"Los Angeles County",Compton,81.14,34.00,93.98,70.81,0.23,4.86
1400000US06037542502,6037542502,SO,General,"Los Angeles County",Compton,81.14,34.00,93.98,70.81,0.23,4.86
1400000US06037542502,6037542502,JJA,General,"Los Angeles County",Compton,80.88,33.38,91.22,70.63,0.13,4.25
1400000US06037542502,6037542502,AM,General,"Los Angeles County",Compton,86.97,47.51,80.58,61.72,0.30,3.67
1400000US06037542502,6037542502,Total,Vulnerable,"Los Angeles County",Compton,84.21,37.43,90.32,67.58,2.67,5.26
1400000US06037542502,6037542502,Total,"2006 HW","Los Angeles County",Compton,85.65,43.03,94.00,72.38,0.00,0.00
1400000US06037542601,6037542601,Total,"2006 HW","Los Angeles County",Compton,85.65,43.03,94.00,72.38,0.00,0.00
1400000US06037542601,6037542601,Total,Vulnerable,"Los Angeles County",Compton,84.21,37.43,90.32,67.58,2.67,5.26
1400000US06037542601,6037542601,AM,General,"Los Angeles County",Compton,86.97,47.51,80.58,61.72,0.30,3.67
1400000US06037542601,6037542601,JJA,General,"Los Angeles County",Compton,80.88,33.38,91.22,70.63,0.13,4.25
1400000US06037542601,6037542601,SO,General,"Los Angeles County",Compton,81.14,34.00,93.98,70.81,0.23,4.86
1400000US06037542602,6037542602,SO,General,"Los Angeles County",Compton,81.14,34.00,93.98,70.81,0.23,4.86
1400000US06037542602,6037542602,JJA,General,"Los Angeles County",Compton,80.88,33.38,91.22,70.63,0.13,4.25
1400000US06037542602,6037542602,AM,General,"Los Angeles County",Compton,86.97,47.51,80.58,61.72,0.30,3.67
1400000US06037542602,6037542602,Total,Vulnerable,"Los Angeles County",Compton,84.21,37.43,90.32,67.58,2.67,5.26
1400000US06037542602,6037542602,Total,"2006 HW","Los Angeles County",Compton,85.65,43.03,94.00,72.38,0.00,0.00
1400000US06037542700,6037542700,SO,General,"Los Angeles County",Compton,81.14,34.00,93.98,70.81,0.23,4.86
1400000US06037542700,6037542700,JJA,General,"Los Angeles County",Compton,80.88,33.38,91.22,70.63,0.13,4.25
1400000US06037542700,6037542700,AM,General,"Los Angeles County",Compton,86.97,47.51,80.58,61.72,0.30,3.67
1400000US06037542700,6037542700,Total,Vulnerable,"Los Angeles County",Compton,84.21,37.43,90.32,67.58,2.67,5.26
1400000US06037542700,6037542700,Total,"2006 HW","Los Angeles County",Compton,85.65,43.03,94.00,72.38,0.00,0.00
1400000US06037542800,6037542800,Total,"2006 HW","Los Angeles County",Compton,85.65,43.03,94.00,72.38,0.00,0.00
1400000US06037542800,6037542800,Total,Vulnerable,"Los Angeles County",Compton,84.21,37.43,90.32,67.58,2.67,5.26
1400000US06037542800,6037542800,AM,General,"Los Angeles County",Compton,86.97,47.51,80.58,61.72,0.30,3.67
1400000US06037542800,6037542800,JJA,General,"Los Angeles County",Compton,80.88,33.38,91.22,70.63,0.13,4.25
1400000US06037542800,6037542800,SO,General,"Los Angeles County",Compton,81.14,34.00,93.98,70.81,0.23,4.86
1400000US06037542900,6037542900,SO,General,"Los Angeles County",Compton,81.14,34.00,93.98,70.81,0.23,4.86
1400000US06037542900,6037542900,JJA,General,"Los Angeles County",Compton,80.88,33.38,91.22,70.63,0.13,4.25
1400000US06037542900,6037542900,AM,General,"Los Angeles County",Compton,86.97,47.51,80.58,61.72,0.30,3.67
1400000US06037542900,6037542900,Total,Vulnerable,"Los Angeles County",Compton,84.21,37.43,90.32,67.58,2.67,5.26
1400000US06037542900,6037542900,Total,"2006 HW","Los Angeles County",Compton,85.65,43.03,94.00,72.38,0.00,0.00
1400000US06037543000,6037543000,Total,"2006 HW","Los Angeles County",Compton,85.65,43.03,94.00,72.38,0.00,0.00
1400000US06037543000,6037543000,Total,Vulnerable,"Los Angeles County",Compton,84.21,37.43,90.32,67.58,2.67,5.26
1400000US06037543000,6037543000,AM,General,"Los Angeles County",Compton,86.97,47.51,80.58,61.72,0.30,3.67
1400000US06037543000,6037543000,JJA,General,"Los Angeles County",Compton,80.88,33.38,91.22,70.63,0.13,4.25
1400000US06037543000,6037543000,SO,General,"Los Angeles County",Compton,81.14,34.00,93.98,70.81,0.23,4.86
1400000US06037543100,6037543100,SO,General,"Los Angeles County",Compton,81.14,34.00,93.98,70.81,0.23,4.86
1400000US06037543100,6037543100,JJA,General,"Los Angeles County",Compton,80.88,33.38,91.22,70.63,0.13,4.25
1400000US06037543100,6037543100,AM,General,"Los Angeles County",Compton,86.97,47.51,80.58,61.72,0.30,3.67
1400000US06037543100,6037543100,Total,Vulnerable,"Los Angeles County",Compton,84.21,37.43,90.32,67.58,2.67,5.26
1400000US06037543100,6037543100,Total,"2006 HW","Los Angeles County",Compton,85.65,43.03,94.00,72.38,0.00,0.00
1400000US06037543201,6037543201,Total,"2006 HW","Los Angeles County",Compton,85.65,43.03,94.00,72.38,0.00,0.00
1400000US06037543201,6037543201,Total,Vulnerable,"Los Angeles County",Compton,84.21,37.43,90.32,67.58,2.67,5.26
1400000US06037543201,6037543201,AM,General,"Los Angeles County",Compton,86.97,47.51,80.58,61.72,0.30,3.67
1400000US06037543201,6037543201,JJA,General,"Los Angeles County",Compton,80.88,33.38,91.22,70.63,0.13,4.25
1400000US06037543201,6037543201,SO,General,"Los Angeles County",Compton,81.14,34.00,93.98,70.81,0.23,4.86
1400000US06037543202,6037543202,SO,General,"Los Angeles County",Compton,81.14,34.00,93.98,70.81,0.23,4.86
1400000US06037543202,6037543202,JJA,General,"Los Angeles County",Compton,80.88,33.38,91.22,70.63,0.13,4.25
1400000US06037543202,6037543202,AM,General,"Los Angeles County",Compton,86.97,47.51,80.58,61.72,0.30,3.67
1400000US06037543202,6037543202,Total,Vulnerable,"Los Angeles County",Compton,84.21,37.43,90.32,67.58,2.67,5.26
1400000US06037543202,6037543202,Total,"2006 HW","Los Angeles County",Compton,85.65,43.03,94.00,72.38,0.00,0.00
1400000US06037543305,6037543305,Total,"2006 HW","Los Angeles County",Compton,85.65,43.03,94.00,72.38,0.00,0.00
1400000US06037543305,6037543305,Total,Vulnerable,"Los Angeles County",Compton,84.21,37.43,90.32,67.58,2.67,5.26
1400000US06037543305,6037543305,AM,General,"Los Angeles County",Compton,86.97,47.51,80.58,61.72,0.30,3.67
1400000US06037543305,6037543305,JJA,General,"Los Angeles County",Compton,80.88,33.38,91.22,70.63,0.13,4.25
1400000US06037543305,6037543305,SO,General,"Los Angeles County",Compton,81.14,34.00,93.98,70.81,0.23,4.86
